{"cameraMode":{"drawMode":0,"name":"Shaded","section":"Shading Mode"},"sceneLighting":false,"audioPlay":false,"sceneViewState":{"showFog":true,"showMaterialUpdate":false,"showSkybox":true,"showFlares":true,"showImageEffects":true,"showParticleSystems":true},"in2DMode":false,"pivot":{"x":0.02001166343688965,"y":1.647499918937683,"z":23.438819885253908},"rotation":{"x":0.07075027376413346,"y":0.0044989213347435,"z":-0.0003410827193874866,"w":0.9974839091300964},"size":10.029339790344239,"orthographic":false}