{"cameraMode":{"drawMode":0,"name":"Shaded","section":"Shading Mode"},"sceneLighting":false,"audioPlay":false,"sceneViewState":{"showFog":true,"showMaterialUpdate":false,"showSkybox":true,"showFlares":true,"showImageEffects":true,"showParticleSystems":true},"in2DMode":false,"pivot":{"x":-5.6599884033203129,"y":1.647499918937683,"z":104.59881591796875},"rotation":{"x":0.006255999207496643,"y":-0.49549543857574465,"z":-0.003543258411809802,"w":-0.8685808181762695},"size":7.608384609222412,"orthographic":false}