{"cameraMode":{"drawMode":0,"name":"Shaded","section":"Shading Mode"},"sceneLighting":false,"audioPlay":false,"sceneViewState":{"showFog":true,"showMaterialUpdate":false,"showSkybox":true,"showFlares":true,"showImageEffects":true,"showParticleSystems":true},"in2DMode":false,"pivot":{"x":0.02001166343688965,"y":2.3399999141693117,"z":0.01881927251815796},"rotation":{"x":0.016809146851301194,"y":0.004510644823312759,"z":-0.0000982211931841448,"w":0.9998486042022705},"size":8.854225158691407,"orthographic":false}