{"cameraMode":{"drawMode":0,"name":"Shaded","section":"Shading Mode"},"sceneLighting":false,"audioPlay":false,"sceneViewState":{"showFog":true,"showMaterialUpdate":false,"showSkybox":true,"showFlares":true,"showImageEffects":true,"showParticleSystems":true},"in2DMode":false,"pivot":{"x":-0.159987211227417,"y":0.9714806079864502,"z":-0.4232899844646454},"rotation":{"x":-0.07715960592031479,"y":0.16433462500572205,"z":-0.012894856743514538,"w":-0.9832976460456848},"size":5.4767632484436039,"orthographic":false}