{"cameraMode":{"drawMode":0,"name":"Shaded","section":"Shading Mode"},"sceneLighting":false,"audioPlay":false,"sceneViewState":{"showFog":true,"showMaterialUpdate":false,"showSkybox":true,"showFlares":true,"showImageEffects":true,"showParticleSystems":true},"in2DMode":false,"pivot":{"x":0.0,"y":0.8948556184768677,"z":-0.12316007912158966},"rotation":{"x":-0.27210327982902529,"y":0.028281643986701967,"z":-0.008001141250133515,"w":-0.9618191123008728},"size":4.1987433433532719,"orthographic":false}