{"cameraMode":{"drawMode":0,"name":"Shaded","section":"Shading Mode"},"sceneLighting":true,"audioPlay":false,"sceneViewState":{"showFog":true,"showMaterialUpdate":false,"showSkybox":true,"showFlares":true,"showImageEffects":true,"showParticleSystems":true},"in2DMode":false,"pivot":{"x":0.0,"y":1.7897112369537354,"z":-0.24632015824317933},"rotation":{"x":-0.27210327982902529,"y":0.028281643986701967,"z":-0.008001141250133515,"w":-0.9618191123008728},"size":8.397486686706543,"orthographic":false}