{"cameraMode":{"drawMode":0,"name":"Shaded","section":"Shading Mode"},"sceneLighting":false,"audioPlay":false,"sceneViewState":{"showFog":true,"showMaterialUpdate":false,"showSkybox":true,"showFlares":true,"showImageEffects":true,"showParticleSystems":true},"in2DMode":false,"pivot":{"x":-91.27684020996094,"y":2.6004281044006349,"z":59.164546966552737},"rotation":{"x":0.0030351465102285148,"y":-0.9835957884788513,"z":0.0165326539427042,"w":0.17960160970687867},"size":7.2192063331604,"orthographic":false}